nMics,nSources,environmentSize,noisePower,sourcePower,n_runs,time_sec,rmse_mean,rmse_std,mae_mean,mae_std,missed_mean,missed_std
5,4,30,60,80,50,469.5876290798187,0.4712220394511236,1.0402356480031067,0.3964256333277988,0.86550348837893,0.96,0.6621178142898739
5,8,30,40,80,50,598.5290260314941,0.35540953797721725,0.908758535695739,0.23837228425526968,0.3673479616566656,1.5,0.7549834435270749
